Date,VIX,USDINR,Crude,BondYield
2023-01-02,18.52,83.18,84.0,7.112
2023-01-09,18.73,83.38,85.63,7.064
2023-01-16,19.26,83.11,85.82,7.042
2023-01-23,18.68,83.02,86.31,7.026
2023-01-30,19.37,82.96,84.58,7.054
2023-02-06,18.73,82.92,85.32,7.037
2023-02-13,17.4,82.85,87.1,7.052
2023-02-20,17.92,82.93,85.9,7.043
2023-02-27,18.67,82.69,85.01,7.021
2023-03-06,18.46,82.98,83.28,7.023
2023-03-13,17.5,83.26,81.73,7.013
2023-03-20,18.22,83.38,81.42,6.998
2023-03-27,17.91,83.24,80.24,6.996
2023-04-03,17.21,83.11,80.87,7.043
2023-04-10,17.53,82.86,79.17,7.088
2023-04-17,16.92,82.61,79.57,7.101
2023-04-24,17.36,82.47,77.63,7.147
2023-05-01,16.62,82.58,78.46,7.158
2023-05-08,16.05,82.44,78.85,7.195
2023-05-15,17.39,82.21,77.47,7.239
2023-05-22,18.1,82.44,76.28,7.248
2023-05-29,18.71,82.54,75.91,7.2
2023-06-05,18.96,82.4,75.71,7.245
2023-06-12,18.65,82.6,74.46,7.263
2023-06-19,20.08,82.36,72.5,7.256
2023-06-26,18.86,82.51,74.15,7.249
2023-07-03,18.14,82.47,75.05,7.2
2023-07-10,18.41,82.54,75.6,7.174
2023-07-17,19.05,82.29,74.4,7.212
2023-07-24,19.76,82.0,73.39,7.184
2023-07-31,19.08,81.85,71.64,7.18
2023-08-07,19.78,81.91,72.33,7.138
2023-08-14,21.13,82.12,73.55,7.17
2023-08-21,22.43,82.14,72.35,7.182
2023-08-28,23.16,82.29,72.44,7.138
2023-09-04,22.77,82.54,72.78,7.142
2023-09-11,22.08,82.46,74.36,7.159
2023-09-18,22.94,82.43,74.88,7.134
2023-09-25,23.56,82.39,74.65,7.149
2023-10-02,24.86,82.13,75.95,7.128
2023-10-09,24.7,81.84,75.15,7.128
2023-10-16,23.36,81.83,76.86,7.089
2023-10-23,24.16,81.78,77.48,7.065
2023-10-30,23.14,81.58,75.76,7.033
2023-11-06,23.63,81.81,77.02,7.052
2023-11-13,22.46,81.68,76.26,7.027
2023-11-20,22.51,81.7,75.69,7.012
2023-11-27,23.49,81.87,74.92,7.054
2023-12-04,24.85,81.77,74.34,7.054
2023-12-11,26.17,82.0,72.75,7.043
2023-12-18,26.33,82.0,71.52,7.079
2023-12-25,26.86,82.2,72.96,7.104
2024-01-01,26.68,82.27,71.6,7.122
2024-01-08,25.72,82.38,70.52,7.083
2024-01-15,24.71,82.08,71.39,7.107
2024-01-22,24.76,81.88,69.73,7.058
2024-01-29,23.76,82.12,68.69,7.044
2024-02-05,22.57,81.95,68.77,7.055
2024-02-12,21.81,81.68,68.33,7.028
2024-02-19,20.97,81.96,68.8,7.034
2024-02-26,20.71,81.92,68.96,7.053
2024-03-04,21.32,81.72,68.96,7.045
2024-03-11,22.43,81.8,69.09,7.006
2024-03-18,22.75,81.57,68.44,6.97
2024-03-25,23.33,81.39,68.01,7.01
2024-04-01,22.44,81.4,67.69,6.962
2024-04-08,23.32,81.14,67.58,6.968
2024-04-15,23.7,81.25,66.6,6.919
2024-04-22,24.37,81.27,67.94,6.951
2024-04-29,25.4,81.27,67.27,6.98
2024-05-06,25.26,81.08,68.69,7.018
2024-05-13,25.16,80.82,68.25,7.049
2024-05-20,26.36,80.64,66.51,7.086
2024-05-27,26.03,80.67,68.39,7.043
2024-06-03,26.47,80.41,67.89,7.074
2024-06-10,26.27,80.71,68.12,7.056
2024-06-17,25.43,80.62,67.61,7.013
2024-06-24,25.04,80.6,68.5,7.028
2024-07-01,25.67,80.3,67.38,7.044
2024-07-08,25.62,80.01,68.59,7.072
2024-07-15,25.77,79.75,69.66,7.08
2024-07-22,26.61,79.9,70.87,7.082
2024-07-29,25.53,80.0,71.35,7.106
2024-08-05,24.54,79.82,72.92,7.131
2024-08-12,25.77,79.97,73.3,7.146
2024-08-19,26.94,80.02,73.83,7.112
2024-08-26,26.86,80.15,72.92,7.082
2024-09-02,26.3,80.0,71.78,7.075
2024-09-09,27.52,80.0,70.53,7.032
2024-09-16,28.11,79.93,71.82,7.048
2024-09-23,29.0,79.79,72.59,7.025
2024-09-30,30.32,79.87,71.88,7.002
2024-10-07,29.39,79.99,70.76,7.011
2024-10-14,28.68,80.09,72.02,7.039
2024-10-21,29.47,79.9,70.37,7.059
2024-10-28,29.07,79.86,68.5,7.035
2024-11-04,27.67,80.09,67.47,7.041
2024-11-11,26.29,80.19,66.76,7.081
2024-11-18,27.45,80.08,68.37,7.13
2024-11-25,28.43,80.29,67.36,7.138
