timestamp,open,high,low,close,volume
2023-01-02 00:00:00,17992.47,18069.02,17931.23,18013.72,734027
2023-01-03 00:00:00,17863.27,17933.9,17811.19,17898.08,530876
2023-01-04 00:00:00,18086.24,18111.1,18063.51,18072.24,956363
2023-01-05 00:00:00,18077.1,18107.49,18024.27,18035.88,938216
2023-01-06 00:00:00,17985.04,18050.0,17961.06,18006.8,1388621
2023-01-09 00:00:00,17849.91,17871.85,17835.36,17869.98,1948448
2023-01-10 00:00:00,17968.48,17985.32,17910.58,17943.48,683057
2023-01-11 00:00:00,17913.81,17987.46,17885.7,17953.12,967566
2023-01-12 00:00:00,17963.13,17986.07,17885.26,17963.4,1909248
2023-01-13 00:00:00,18111.12,18185.65,18094.93,18112.71,567840
2023-01-16 00:00:00,18042.76,18071.75,17974.75,18009.36,921401
2023-01-17 00:00:00,18003.19,18069.34,17987.97,18068.27,1658367
2023-01-18 00:00:00,17929.73,17996.81,17870.25,17962.51,1656905
2023-01-19 00:00:00,17800.99,17819.1,17730.57,17785.75,996347
2023-01-20 00:00:00,17619.16,17651.92,17558.09,17617.91,1830819
2023-01-23 00:00:00,17585.3,17645.23,17522.05,17591.19,1656450
2023-01-24 00:00:00,17590.37,17630.3,17578.59,17584.17,547143
2023-01-25 00:00:00,17621.0,17666.6,17547.47,17577.17,1115574
2023-01-26 00:00:00,17650.74,17666.13,17620.46,17627.82,1894546
2023-01-27 00:00:00,17744.45,17815.45,17678.19,17703.8,1838838
2023-01-30 00:00:00,17736.18,17808.91,17703.92,17715.47,841902
2023-01-31 00:00:00,17708.72,17778.97,17698.23,17739.47,1126116
2023-02-01 00:00:00,17618.07,17651.7,17542.07,17577.5,1278185
2023-02-02 00:00:00,17640.69,17718.71,17563.32,17602.44,1245872
2023-02-03 00:00:00,17519.43,17532.01,17466.76,17499.56,577218
2023-02-06 00:00:00,17446.58,17473.35,17426.44,17449.4,1978475
2023-02-07 00:00:00,17369.71,17433.02,17343.08,17408.58,1051674
2023-02-08 00:00:00,17462.66,17510.16,17446.34,17499.65,981170
2023-02-09 00:00:00,17362.38,17413.74,17304.95,17306.75,1268139
2023-02-10 00:00:00,17220.79,17243.0,17162.42,17193.58,1905094
2023-02-13 00:00:00,17059.4,17077.34,16984.67,17065.97,886912
2023-02-14 00:00:00,17139.61,17188.47,17092.53,17115.73,639654
2023-02-15 00:00:00,17275.73,17330.05,17242.0,17272.75,1588933
2023-02-16 00:00:00,17433.16,17497.75,17378.22,17388.28,742443
2023-02-17 00:00:00,17533.27,17543.91,17516.17,17534.58,507592
2023-02-20 00:00:00,17418.55,17476.98,17362.91,17388.49,1568268
2023-02-21 00:00:00,17286.64,17348.89,17231.17,17331.14,1486419
2023-02-22 00:00:00,17330.44,17366.18,17301.88,17317.57,1959515
2023-02-23 00:00:00,17304.07,17358.25,17238.43,17298.66,1365355
2023-02-24 00:00:00,17277.79,17338.36,17248.14,17250.33,1468208
2023-02-27 00:00:00,17165.36,17242.14,17091.32,17147.15,523184
2023-02-28 00:00:00,17289.73,17367.4,17212.28,17344.6,941673
2023-03-01 00:00:00,17325.81,17357.99,17303.95,17334.04,1904232
2023-03-02 00:00:00,17406.2,17423.0,17353.15,17422.31,710126
2023-03-03 00:00:00,17451.34,17513.19,17392.55,17477.3,1039236
2023-03-06 00:00:00,17423.71,17490.42,17353.01,17478.5,1267013
2023-03-07 00:00:00,17496.93,17552.43,17437.79,17529.02,1835008
2023-03-08 00:00:00,17464.76,17481.34,17414.28,17416.69,1198397
2023-03-09 00:00:00,17418.74,17470.1,17406.6,17408.97,1733900
2023-03-10 00:00:00,17337.91,17384.47,17274.01,17297.85,1434335
2023-03-13 00:00:00,17127.5,17174.69,17079.66,17140.23,1589137
2023-03-14 00:00:00,17304.33,17336.94,17238.67,17265.28,1158457
2023-03-15 00:00:00,17091.24,17168.63,17022.72,17124.27,1113429
2023-03-16 00:00:00,16991.76,17019.28,16943.31,16997.6,1490296
2023-03-17 00:00:00,16950.08,17011.73,16901.28,16968.84,1129400
2023-03-20 00:00:00,16874.58,16937.63,16863.57,16872.17,569003
2023-03-21 00:00:00,16738.52,16797.78,16695.33,16705.35,1237423
2023-03-22 00:00:00,16676.88,16717.25,16638.98,16687.18,1452640
2023-03-23 00:00:00,16527.9,16581.71,16482.68,16567.5,1488040
2023-03-24 00:00:00,16430.05,16485.02,16418.19,16457.34,1910345
2023-03-27 00:00:00,16475.47,16530.5,16433.39,16486.37,1912197
2023-03-28 00:00:00,16476.49,16549.86,16452.78,16459.51,651167
2023-03-29 00:00:00,16276.58,16334.39,16261.6,16284.82,1767312
2023-03-30 00:00:00,16148.42,16178.15,16130.15,16163.59,1443414
2023-03-31 00:00:00,16299.72,16365.96,16269.98,16287.01,1625922
2023-04-03 00:00:00,16416.39,16455.27,16380.35,16438.52,1011205
2023-04-04 00:00:00,16601.65,16641.68,16539.09,16616.5,654685
2023-04-05 00:00:00,16750.6,16818.45,16718.2,16807.98,1083802
2023-04-06 00:00:00,16667.87,16684.26,16635.52,16681.83,1925910
2023-04-07 00:00:00,16714.24,16755.63,16683.72,16707.35,1508777
2023-04-10 00:00:00,16809.17,16874.44,16792.79,16833.16,586338
2023-04-11 00:00:00,16846.33,16918.47,16811.77,16824.26,714487
2023-04-12 00:00:00,16919.35,16936.43,16903.46,16926.57,609144
2023-04-13 00:00:00,17047.9,17063.59,17031.96,17063.17,1061406
2023-04-14 00:00:00,17037.79,17114.1,16958.77,17075.79,1064389
2023-04-17 00:00:00,16950.18,16999.27,16910.48,16990.96,666796
2023-04-18 00:00:00,16959.14,17001.95,16945.2,16951.94,676289
2023-04-19 00:00:00,17017.29,17068.13,16939.94,16987.99,928568
2023-04-20 00:00:00,17096.64,17174.07,17085.79,17171.41,564739
2023-04-21 00:00:00,17307.4,17386.91,17292.23,17344.67,1953953
2023-04-24 00:00:00,17360.45,17419.15,17318.63,17381.71,1376471
2023-04-25 00:00:00,17493.89,17523.56,17417.36,17511.91,1183485
2023-04-26 00:00:00,17540.63,17563.8,17498.17,17521.36,1375484
2023-04-27 00:00:00,17401.85,17480.88,17342.98,17416.91,964291
2023-04-28 00:00:00,17537.3,17558.68,17463.54,17541.8,1924699
2023-05-01 00:00:00,17627.8,17667.08,17552.51,17651.73,567828
2023-05-02 00:00:00,17477.11,17543.85,17398.0,17419.94,1391196
2023-05-03 00:00:00,17406.64,17475.59,17337.96,17402.47,1122229
2023-05-04 00:00:00,17296.99,17367.52,17230.09,17367.48,1994955
2023-05-05 00:00:00,17402.87,17479.0,17333.39,17369.41,1175816
2023-05-08 00:00:00,17267.83,17320.26,17241.83,17294.51,1427192
2023-05-09 00:00:00,17222.26,17279.27,17175.84,17255.72,1280245
2023-05-10 00:00:00,17380.38,17429.65,17309.01,17357.69,701022
2023-05-11 00:00:00,17209.41,17262.83,17150.12,17174.12,704557
2023-05-12 00:00:00,16998.41,17049.7,16960.95,16999.78,1856238
2023-05-15 00:00:00,16949.03,17013.89,16911.27,16975.11,1793545
2023-05-16 00:00:00,17106.55,17181.41,17062.1,17092.91,1188703
2023-05-17 00:00:00,17256.57,17289.58,17202.23,17223.21,613794
2023-05-18 00:00:00,17073.06,17093.69,17053.34,17079.2,772820
2023-05-19 00:00:00,17050.29,17093.47,16993.56,17010.78,788433
2023-05-22 00:00:00,16834.71,16864.21,16812.32,16816.92,680953
2023-05-23 00:00:00,16786.11,16821.61,16740.87,16796.61,558968
2023-05-24 00:00:00,16904.87,16920.59,16833.72,16913.72,591616
2023-05-25 00:00:00,16856.62,16919.0,16833.7,16851.56,1055708
2023-05-26 00:00:00,16853.44,16889.26,16811.06,16869.51,555024
2023-05-29 00:00:00,16798.79,16871.45,16752.97,16816.01,660758
2023-05-30 00:00:00,16800.28,16827.25,16771.43,16792.49,530106
2023-05-31 00:00:00,16715.42,16748.34,16697.04,16742.72,1390388
2023-06-01 00:00:00,16820.04,16864.93,16803.96,16836.71,1380261
2023-06-02 00:00:00,16915.26,16934.19,16885.4,16903.11,1468875
2023-06-05 00:00:00,16918.4,16997.46,16866.0,16897.19,652673
2023-06-06 00:00:00,16764.63,16785.88,16741.57,16754.2,760060
2023-06-07 00:00:00,16861.96,16908.68,16823.23,16907.17,668058
2023-06-08 00:00:00,16900.8,16971.39,16833.6,16869.14,756331
2023-06-09 00:00:00,16951.8,17000.77,16901.79,16929.5,1654239
2023-06-12 00:00:00,16812.96,16852.74,16767.43,16788.11,672255
2023-06-13 00:00:00,16812.57,16863.26,16791.76,16826.16,1298884
2023-06-14 00:00:00,16665.53,16684.94,16651.09,16684.6,983530
2023-06-15 00:00:00,16773.28,16830.99,16710.06,16782.09,1207364
2023-06-16 00:00:00,16743.43,16818.5,16675.29,16813.49,686445
2023-06-19 00:00:00,16917.42,16940.11,16902.77,16930.44,1361709
2023-06-20 00:00:00,17024.57,17090.24,17000.46,17015.15,746398
2023-06-21 00:00:00,17132.11,17178.72,17096.99,17168.68,1088667
2023-06-22 00:00:00,17273.74,17310.13,17231.35,17255.09,1621414
2023-06-23 00:00:00,17239.96,17312.93,17203.09,17262.79,1859708
2023-06-26 00:00:00,17282.7,17358.49,17228.76,17272.21,708908
2023-06-27 00:00:00,17380.98,17428.32,17308.41,17402.97,727512
2023-06-28 00:00:00,17322.35,17384.43,17310.0,17352.42,1643688
2023-06-29 00:00:00,17473.7,17541.19,17455.96,17528.1,691232
2023-06-30 00:00:00,17509.93,17530.42,17483.88,17517.49,1580054
2023-07-03 00:00:00,17578.58,17626.57,17550.95,17577.09,772396
2023-07-04 00:00:00,17725.68,17763.74,17683.34,17759.5,730027
2023-07-05 00:00:00,17790.48,17843.28,17779.21,17835.09,1898177
2023-07-06 00:00:00,17870.12,17944.69,17810.61,17831.06,1364432
2023-07-07 00:00:00,17864.56,17926.11,17789.15,17915.92,1176259
2023-07-10 00:00:00,17806.43,17875.15,17787.7,17868.23,1804844
2023-07-11 00:00:00,17880.44,17918.37,17866.61,17883.96,1704280
2023-07-12 00:00:00,17696.79,17734.66,17649.17,17727.81,1019518
2023-07-13 00:00:00,17687.8,17729.46,17662.08,17692.57,711285
2023-07-14 00:00:00,17577.96,17617.28,17503.92,17545.0,1370882
2023-07-17 00:00:00,17562.2,17618.65,17539.74,17615.58,722994
2023-07-18 00:00:00,17560.62,17640.4,17515.47,17589.85,600614
2023-07-19 00:00:00,17660.38,17733.24,17636.02,17654.56,554824
2023-07-20 00:00:00,17648.59,17663.19,17584.3,17620.06,1286585
2023-07-21 00:00:00,17593.23,17642.4,17572.36,17585.1,1792678
2023-07-24 00:00:00,17734.4,17763.35,17679.32,17713.67,538079
2023-07-25 00:00:00,17604.81,17660.93,17592.91,17608.01,846612
2023-07-26 00:00:00,17639.73,17657.02,17573.74,17588.61,1479119
2023-07-27 00:00:00,17472.48,17499.5,17411.92,17486.86,1745329
2023-07-28 00:00:00,17460.99,17485.34,17430.47,17479.65,519502
2023-07-31 00:00:00,17317.22,17329.08,17294.52,17314.67,1132136
2023-08-01 00:00:00,17469.7,17503.63,17441.54,17465.12,1385442
2023-08-02 00:00:00,17391.55,17430.21,17342.91,17380.98,941698
2023-08-03 00:00:00,17552.69,17572.5,17481.9,17526.06,1841828
2023-08-04 00:00:00,17626.68,17638.25,17597.87,17619.74,1450217
2023-08-07 00:00:00,17512.78,17581.23,17433.87,17511.34,757518
2023-08-08 00:00:00,17402.7,17476.7,17384.46,17437.64,911082
2023-08-09 00:00:00,17465.62,17533.7,17441.17,17442.19,705328
2023-08-10 00:00:00,17604.17,17655.99,17552.13,17621.2,763056
2023-08-11 00:00:00,17762.37,17799.19,17716.05,17719.95,749425
2023-08-14 00:00:00,17779.28,17831.5,17752.11,17783.02,933040
2023-08-15 00:00:00,17744.83,17775.63,17695.18,17733.48,1495506
2023-08-16 00:00:00,17902.36,17927.41,17890.18,17899.94,1392616
2023-08-17 00:00:00,17739.13,17790.91,17705.73,17771.4,659897
2023-08-18 00:00:00,17634.08,17678.76,17575.89,17620.62,869603
2023-08-21 00:00:00,17751.04,17809.67,17721.99,17773.74,1041460
2023-08-22 00:00:00,17653.6,17673.18,17577.08,17619.94,777699
2023-08-23 00:00:00,17657.08,17718.34,17590.62,17674.76,1538414
2023-08-24 00:00:00,17783.18,17827.44,17757.7,17826.58,1916089
2023-08-25 00:00:00,17674.71,17749.48,17652.07,17707.39,1873232
2023-08-28 00:00:00,17554.18,17584.99,17479.47,17581.94,1916399
2023-08-29 00:00:00,17594.6,17663.72,17562.26,17646.36,555511
2023-08-30 00:00:00,17664.14,17682.58,17648.75,17672.31,1009812
2023-08-31 00:00:00,17725.67,17757.74,17677.91,17741.03,978128
2023-09-01 00:00:00,17808.86,17861.97,17782.55,17784.49,1805148
2023-09-04 00:00:00,17636.69,17683.72,17560.96,17659.02,1996901
2023-09-05 00:00:00,17622.33,17660.47,17578.74,17630.03,1810515
2023-09-06 00:00:00,17816.81,17856.05,17777.32,17835.39,858165
2023-09-07 00:00:00,17687.72,17717.83,17656.98,17671.2,563139
2023-09-08 00:00:00,17530.07,17570.01,17493.17,17545.39,827380
2023-09-11 00:00:00,17720.47,17736.73,17681.24,17730.02,1917098
2023-09-12 00:00:00,17725.27,17746.96,17645.89,17669.31,1914097
2023-09-13 00:00:00,17728.66,17774.55,17702.51,17715.23,830729
2023-09-14 00:00:00,17620.91,17655.42,17606.86,17653.92,1825678
2023-09-15 00:00:00,17834.64,17856.81,17796.9,17842.33,1544030
2023-09-18 00:00:00,17737.77,17763.48,17712.1,17739.69,1389409
2023-09-19 00:00:00,17743.59,17815.01,17715.0,17727.95,1833122
2023-09-20 00:00:00,17911.23,17977.9,17855.36,17922.86,630480
2023-09-21 00:00:00,17882.41,17910.59,17821.77,17865.81,621569
2023-09-22 00:00:00,17776.82,17792.15,17707.24,17749.28,1220879
2023-09-25 00:00:00,17801.56,17835.91,17744.1,17796.04,900542
2023-09-26 00:00:00,17948.65,18004.74,17879.11,17988.07,1562544
2023-09-27 00:00:00,18121.16,18178.77,18067.86,18151.34,737907
2023-09-28 00:00:00,18311.92,18323.97,18244.11,18254.4,1002678
2023-09-29 00:00:00,18322.95,18390.21,18254.7,18323.47,509578
2023-10-02 00:00:00,18252.44,18331.12,18198.21,18232.74,1451008
2023-10-03 00:00:00,18264.11,18281.6,18200.84,18244.55,1944488
2023-10-04 00:00:00,18194.81,18270.05,18177.63,18264.25,1531828
2023-10-05 00:00:00,18094.45,18154.02,18079.74,18122.98,1018824
2023-10-06 00:00:00,18139.55,18210.56,18061.41,18205.92,1624477
2023-10-09 00:00:00,18086.72,18098.44,18075.17,18082.7,1232964
2023-10-10 00:00:00,18191.49,18232.7,18162.34,18232.5,1139271
2023-10-11 00:00:00,18194.59,18260.23,18136.03,18163.45,623571
2023-10-12 00:00:00,18238.29,18267.42,18161.73,18177.7,1148502
2023-10-13 00:00:00,18334.16,18388.86,18296.33,18321.7,1975966
2023-10-16 00:00:00,18312.12,18338.22,18287.2,18288.79,1477500
2023-10-17 00:00:00,18262.56,18305.68,18184.79,18207.22,1802934
2023-10-18 00:00:00,18324.2,18393.33,18260.93,18343.84,696867
2023-10-19 00:00:00,18197.59,18250.76,18131.83,18189.1,675962
2023-10-20 00:00:00,18063.88,18104.0,18039.84,18071.38,596313
2023-10-23 00:00:00,18087.15,18152.98,18055.42,18099.83,517430
2023-10-24 00:00:00,17938.61,17982.21,17886.61,17914.49,1542472
2023-10-25 00:00:00,18060.31,18073.08,18016.67,18022.59,863067
2023-10-26 00:00:00,18176.56,18221.48,18123.29,18192.27,1339473
2023-10-27 00:00:00,18003.49,18049.73,17987.34,18009.22,549804
2023-10-30 00:00:00,17851.25,17870.54,17801.52,17849.11,1700880
2023-10-31 00:00:00,17722.12,17739.44,17667.57,17718.34,547379
2023-11-01 00:00:00,17846.04,17893.93,17786.41,17880.06,1571130
2023-11-02 00:00:00,17978.33,18045.37,17962.72,18036.68,1321388
2023-11-03 00:00:00,18148.28,18203.33,18101.43,18175.98,622444
2023-11-06 00:00:00,18000.99,18022.16,17929.97,17950.18,1963797
2023-11-07 00:00:00,17872.55,17937.83,17816.44,17876.92,1333045
2023-11-08 00:00:00,17939.0,18018.74,17860.76,17963.5,799313
2023-11-09 00:00:00,18002.58,18014.73,17974.54,17993.13,1802408
2023-11-10 00:00:00,18089.44,18129.22,18055.22,18082.68,1981474
2023-11-13 00:00:00,17938.38,17988.89,17897.68,17963.83,1230003
2023-11-14 00:00:00,18122.03,18161.55,18092.65,18133.46,1868545
2023-11-15 00:00:00,18035.9,18090.11,17974.58,17989.78,1573737
2023-11-16 00:00:00,18117.73,18144.36,18039.73,18058.67,1781577
2023-11-17 00:00:00,18040.71,18111.66,17999.54,18057.26,1038850
2023-11-20 00:00:00,18070.64,18108.02,17992.78,18022.53,1485104
2023-11-21 00:00:00,17975.93,17995.09,17898.04,17942.08,854075
2023-11-22 00:00:00,17769.22,17815.6,17735.63,17801.92,1146331
2023-11-23 00:00:00,17719.48,17778.95,17697.79,17711.39,555007
2023-11-24 00:00:00,17804.96,17848.18,17735.87,17826.35,1378031
2023-11-27 00:00:00,17940.0,17957.83,17911.12,17913.79,1296754
2023-11-28 00:00:00,18042.58,18061.13,18000.93,18057.15,974234
2023-11-29 00:00:00,18032.26,18052.64,17953.2,18049.17,507409
2023-11-30 00:00:00,18220.61,18291.36,18178.78,18236.83,1233269
2023-12-01 00:00:00,18276.07,18288.17,18244.51,18275.28,802780
2023-12-04 00:00:00,18366.87,18383.44,18309.79,18342.47,1802213
2023-12-05 00:00:00,18235.59,18304.26,18159.47,18258.4,1245762
2023-12-06 00:00:00,18323.57,18373.51,18311.44,18369.22,1534290
2023-12-07 00:00:00,18417.01,18473.13,18379.44,18440.45,659889
2023-12-08 00:00:00,18528.63,18542.0,18450.23,18487.57,1806130
2023-12-11 00:00:00,18596.0,18657.69,18524.5,18578.33,990549
2023-12-12 00:00:00,18659.07,18722.43,18593.22,18649.5,1726751
2023-12-13 00:00:00,18510.51,18520.91,18477.79,18493.59,1094259
2023-12-14 00:00:00,18559.2,18600.61,18532.57,18557.97,840904
2023-12-15 00:00:00,18405.76,18462.53,18352.4,18403.44,1069678
2023-12-18 00:00:00,18538.32,18581.86,18526.53,18545.41,1070293
2023-12-19 00:00:00,18512.69,18560.04,18460.14,18536.55,1719478
2023-12-20 00:00:00,18644.75,18656.03,18621.05,18621.31,1471212
2023-12-21 00:00:00,18754.16,18829.05,18739.94,18823.21,1027434
2023-12-22 00:00:00,18672.31,18700.28,18642.37,18660.17,1704538
2023-12-25 00:00:00,18663.46,18716.18,18603.33,18634.1,1120323
2023-12-26 00:00:00,18474.05,18531.73,18451.35,18493.56,1563569
2023-12-27 00:00:00,18352.19,18380.15,18274.79,18325.74,1708988
2023-12-28 00:00:00,18316.75,18371.07,18240.15,18318.91,1728783
2023-12-29 00:00:00,18443.36,18468.2,18390.59,18422.49,1759791
2024-01-01 00:00:00,18561.08,18587.66,18496.44,18521.51,1733921
2024-01-02 00:00:00,18503.31,18520.0,18449.64,18481.43,1379912
2024-01-03 00:00:00,18372.93,18443.33,18347.76,18356.91,535457
2024-01-04 00:00:00,18415.46,18463.73,18389.22,18418.35,1391714
2024-01-05 00:00:00,18446.43,18465.98,18387.77,18419.39,1142299
2024-01-08 00:00:00,18511.1,18590.49,18492.11,18502.35,1586508
2024-01-09 00:00:00,18517.81,18533.37,18501.81,18530.03,787800
2024-01-10 00:00:00,18448.17,18483.02,18433.31,18459.11,601418
2024-01-11 00:00:00,18554.02,18601.82,18482.41,18560.13,1299436
2024-01-12 00:00:00,18484.9,18541.76,18405.31,18495.62,1336675
2024-01-15 00:00:00,18578.85,18593.06,18529.49,18590.37,762954
2024-01-16 00:00:00,18643.07,18690.58,18626.3,18655.25,1634244
2024-01-17 00:00:00,18608.27,18673.95,18533.37,18566.36,1098973
2024-01-18 00:00:00,18466.84,18541.73,18419.04,18522.35,1281436
2024-01-19 00:00:00,18543.48,18606.35,18524.54,18592.12,1673042
2024-01-22 00:00:00,18641.91,18673.13,18613.49,18634.97,631464
2024-01-23 00:00:00,18801.05,18832.44,18763.26,18794.2,1400891
2024-01-24 00:00:00,18825.26,18870.05,18745.81,18851.59,812765
2024-01-25 00:00:00,18990.92,19058.14,18954.28,19045.47,1802085
2024-01-26 00:00:00,19179.4,19210.73,19163.74,19182.68,760286
2024-01-29 00:00:00,19248.24,19326.53,19193.37,19302.89,698787
2024-01-30 00:00:00,19468.01,19512.1,19415.57,19489.4,762257
2024-01-31 00:00:00,19484.32,19504.57,19448.59,19452.41,538717
2024-02-01 00:00:00,19338.26,19386.73,19260.65,19315.18,967724
2024-02-02 00:00:00,19313.92,19331.32,19259.06,19274.67,1429381
2024-02-05 00:00:00,19311.69,19325.98,19247.04,19283.34,587245
2024-02-06 00:00:00,19447.66,19506.31,19368.8,19401.69,713374
2024-02-07 00:00:00,19242.97,19260.04,19184.52,19189.22,1264133
2024-02-08 00:00:00,19398.68,19451.75,19367.24,19419.97,1290562
2024-02-09 00:00:00,19369.1,19441.16,19327.62,19349.72,1051639
2024-02-12 00:00:00,19336.14,19397.49,19272.29,19273.67,1124230
2024-02-13 00:00:00,19237.63,19265.82,19174.41,19186.94,1302965
2024-02-14 00:00:00,19048.38,19075.26,18970.07,19054.38,1939364
2024-02-15 00:00:00,19026.34,19074.7,18984.53,19060.67,647123
2024-02-16 00:00:00,19035.19,19067.92,18973.58,19018.49,1063832
2024-02-19 00:00:00,18975.92,19040.87,18903.47,19034.73,1680355
2024-02-20 00:00:00,18975.74,19016.37,18947.91,19005.48,557639
2024-02-21 00:00:00,19155.88,19210.48,19099.73,19198.86,1455004
2024-02-22 00:00:00,19216.61,19262.9,19196.1,19245.36,1268332
2024-02-23 00:00:00,19287.23,19303.17,19227.09,19232.57,606885
2024-02-26 00:00:00,19072.29,19133.92,19037.56,19066.13,1024554
2024-02-27 00:00:00,19180.54,19203.5,19158.35,19162.79,1490454
2024-02-28 00:00:00,19250.02,19261.49,19234.27,19260.62,943167
2024-02-29 00:00:00,19371.81,19408.55,19347.41,19354.83,1422519
2024-03-01 00:00:00,19469.77,19516.89,19456.83,19515.0,1698071
2024-03-04 00:00:00,19462.94,19515.07,19412.17,19489.15,1717654
2024-03-05 00:00:00,19527.83,19561.51,19452.86,19477.26,1058250
2024-03-06 00:00:00,19447.17,19500.08,19371.15,19402.18,682252
2024-03-07 00:00:00,19308.0,19363.21,19277.99,19347.52,1792054
2024-03-08 00:00:00,19506.74,19534.4,19443.89,19485.57,1762997
2024-03-11 00:00:00,19591.2,19647.13,19568.78,19611.48,1977004
2024-03-12 00:00:00,19755.63,19777.17,19736.41,19766.0,1726677
2024-03-13 00:00:00,19653.1,19721.95,19591.8,19662.37,1385521
2024-03-14 00:00:00,19653.51,19703.06,19595.29,19689.41,1454437
2024-03-15 00:00:00,19771.84,19814.15,19761.19,19774.25,1589692
2024-03-18 00:00:00,19944.7,19982.8,19878.7,19899.94,1332627
2024-03-19 00:00:00,19999.66,20022.82,19964.78,20010.27,1331339
2024-03-20 00:00:00,19827.92,19840.39,19765.72,19780.84,1937110
2024-03-21 00:00:00,19718.21,19738.63,19686.82,19732.24,1994501
2024-03-22 00:00:00,19677.19,19737.73,19605.16,19683.78,1087288
2024-03-25 00:00:00,19661.12,19671.35,19607.75,19630.36,1691295
2024-03-26 00:00:00,19475.86,19519.53,19420.9,19427.3,1369975
2024-03-27 00:00:00,19454.83,19507.07,19397.48,19485.7,904731
2024-03-28 00:00:00,19612.27,19627.66,19598.17,19608.03,1677345
2024-03-29 00:00:00,19706.79,19753.0,19665.98,19678.81,992289
2024-04-01 00:00:00,19628.16,19653.6,19576.28,19633.16,1997521
2024-04-02 00:00:00,19811.78,19851.27,19757.25,19831.12,677504
2024-04-03 00:00:00,19815.77,19852.64,19765.74,19816.82,776714
2024-04-04 00:00:00,19752.29,19764.12,19740.6,19760.16,909606
2024-04-05 00:00:00,19755.23,19831.08,19727.08,19771.76,1809095
2024-04-08 00:00:00,19888.14,19954.33,19846.07,19898.36,700219
2024-04-09 00:00:00,19745.13,19789.88,19704.55,19766.8,1648269
2024-04-10 00:00:00,19638.57,19658.04,19575.97,19629.89,1934921
2024-04-11 00:00:00,19434.09,19463.84,19405.77,19420.11,1859381
2024-04-12 00:00:00,19309.15,19372.31,19267.67,19348.94,598049
2024-04-15 00:00:00,19316.15,19330.54,19242.7,19254.93,1298631
2024-04-16 00:00:00,19211.53,19284.52,19200.0,19256.1,1945091
2024-04-17 00:00:00,19305.48,19319.14,19266.16,19279.94,1596231
2024-04-18 00:00:00,19450.92,19506.71,19427.05,19472.08,1195898
2024-04-19 00:00:00,19662.41,19696.88,19644.42,19652.35,837975
2024-04-22 00:00:00,19575.51,19624.8,19528.87,19539.88,1790209
2024-04-23 00:00:00,19601.02,19660.57,19552.97,19561.76,1187450
2024-04-24 00:00:00,19535.72,19611.92,19466.22,19563.7,1193443
2024-04-25 00:00:00,19538.23,19586.41,19523.87,19555.92,1709605
2024-04-26 00:00:00,19513.1,19578.14,19489.0,19512.05,747059
2024-04-29 00:00:00,19461.2,19507.56,19436.86,19498.92,1819372
2024-04-30 00:00:00,19627.77,19669.36,19548.82,19641.88,540751
2024-05-01 00:00:00,19468.91,19542.56,19421.2,19481.61,658210
2024-05-02 00:00:00,19562.02,19598.65,19497.73,19595.06,805649
2024-05-03 00:00:00,19591.43,19656.93,19541.0,19614.57,1696871
2024-05-06 00:00:00,19598.67,19645.98,19577.61,19625.19,1689892
2024-05-07 00:00:00,19574.7,19648.13,19545.32,19646.44,711067
2024-05-08 00:00:00,19510.41,19582.99,19454.61,19474.14,1160485
2024-05-09 00:00:00,19494.05,19565.82,19427.8,19497.53,1950689
2024-05-10 00:00:00,19494.51,19551.26,19440.08,19458.53,1822891
2024-05-13 00:00:00,19410.05,19420.93,19360.87,19392.55,1579030
2024-05-14 00:00:00,19518.68,19579.88,19495.56,19567.92,1728595
2024-05-15 00:00:00,19596.5,19628.5,19553.52,19615.13,1188897
2024-05-16 00:00:00,19559.0,19626.98,19525.54,19543.17,1568021
2024-05-17 00:00:00,19646.62,19673.41,19626.68,19642.94,1175526
2024-05-20 00:00:00,19749.76,19803.22,19715.09,19789.25,1206930
2024-05-21 00:00:00,19986.92,20005.76,19929.59,19954.35,1529490
2024-05-22 00:00:00,19763.09,19832.99,19737.19,19817.38,918914
2024-05-23 00:00:00,19885.66,19931.55,19854.29,19870.72,549784
2024-05-24 00:00:00,19802.0,19877.68,19731.02,19843.37,1682671
2024-05-27 00:00:00,19894.46,19967.96,19837.51,19910.62,666484
2024-05-28 00:00:00,19887.16,19957.68,19838.89,19884.08,1965200
2024-05-29 00:00:00,19724.62,19737.56,19662.83,19731.44,920055
2024-05-30 00:00:00,19860.39,19934.14,19797.61,19907.5,527009
2024-05-31 00:00:00,20105.37,20136.7,20037.31,20065.29,1809130
2024-06-03 00:00:00,19922.04,19969.89,19905.28,19920.91,518606
2024-06-04 00:00:00,19896.54,19948.43,19865.73,19890.53,1614789
2024-06-05 00:00:00,19734.95,19804.61,19678.2,19753.19,1838453
2024-06-06 00:00:00,19603.61,19630.38,19537.99,19541.19,1374210
2024-06-07 00:00:00,19756.16,19802.66,19741.71,19792.38,1398467
2024-06-10 00:00:00,19615.58,19689.25,19558.74,19666.97,1818468
2024-06-11 00:00:00,19696.25,19736.38,19664.06,19695.49,1660819
2024-06-12 00:00:00,19759.19,19800.23,19706.69,19765.74,1387545
2024-06-13 00:00:00,19830.09,19875.96,19812.79,19837.08,1231500
2024-06-14 00:00:00,19924.51,19976.56,19862.46,19920.22,1451156
2024-06-17 00:00:00,19734.54,19769.87,19691.47,19695.05,710036
2024-06-18 00:00:00,19635.43,19668.62,19591.69,19606.78,1416170
2024-06-19 00:00:00,19503.2,19549.36,19492.81,19493.24,828603
2024-06-20 00:00:00,19289.11,19322.83,19222.93,19280.08,1269001
2024-06-21 00:00:00,19226.35,19264.14,19210.25,19243.5,670757
2024-06-24 00:00:00,19184.38,19255.58,19139.83,19221.12,1989225
2024-06-25 00:00:00,19065.94,19103.56,19026.41,19058.12,1861416
2024-06-26 00:00:00,19146.18,19177.84,19078.51,19173.38,1731797
2024-06-27 00:00:00,18990.43,19004.01,18962.4,18964.88,1405693
2024-06-28 00:00:00,19012.52,19049.39,18970.58,18999.67,681537
2024-07-01 00:00:00,18983.94,18998.91,18968.33,18979.18,1912588
2024-07-02 00:00:00,19053.89,19089.22,19002.33,19003.21,1454144
2024-07-03 00:00:00,19167.04,19238.2,19106.36,19122.25,1853679
2024-07-04 00:00:00,18958.48,18978.43,18947.66,18960.65,942561
2024-07-05 00:00:00,18959.97,18973.03,18941.36,18959.05,1014751
2024-07-08 00:00:00,19055.09,19124.28,18996.62,19051.51,1509449
2024-07-09 00:00:00,18954.3,19019.53,18913.05,18998.06,1733633
2024-07-10 00:00:00,19158.92,19199.09,19126.6,19168.8,1056758
2024-07-11 00:00:00,19219.88,19278.07,19183.66,19199.41,1145794
2024-07-12 00:00:00,19085.58,19119.79,19064.77,19066.17,1468733
2024-07-15 00:00:00,19108.81,19123.83,19070.14,19086.85,1515680
2024-07-16 00:00:00,19119.11,19144.36,19039.95,19087.35,1532411
2024-07-17 00:00:00,18949.27,18961.2,18903.89,18959.14,1076310
2024-07-18 00:00:00,18756.19,18793.35,18734.99,18736.35,1634320
2024-07-19 00:00:00,18708.16,18781.17,18690.03,18777.15,970950
2024-07-22 00:00:00,18929.19,18997.06,18850.31,18892.63,1941703
2024-07-23 00:00:00,18844.0,18877.83,18796.1,18808.7,1330567
2024-07-24 00:00:00,18840.1,18908.46,18799.27,18832.28,889002
2024-07-25 00:00:00,18690.72,18724.69,18661.8,18722.58,1336563
2024-07-26 00:00:00,18670.22,18689.96,18629.14,18667.23,1233346
2024-07-29 00:00:00,18660.19,18731.81,18606.55,18677.87,1430990
2024-07-30 00:00:00,18560.0,18572.76,18516.71,18547.15,841624
2024-07-31 00:00:00,18743.85,18804.4,18696.51,18790.37,695978
2024-08-01 00:00:00,18877.03,18942.62,18847.73,18930.96,1916063
2024-08-02 00:00:00,18795.75,18874.42,18751.91,18857.7,1383097
2024-08-05 00:00:00,18797.83,18822.06,18734.5,18768.35,1266913
2024-08-06 00:00:00,18770.11,18840.7,18691.46,18752.29,1741278
2024-08-07 00:00:00,18855.91,18932.83,18831.88,18842.91,1780942
2024-08-08 00:00:00,18840.8,18913.32,18826.43,18903.19,1172478
2024-08-09 00:00:00,18914.73,18989.58,18903.39,18944.49,1531583
2024-08-12 00:00:00,19040.42,19059.83,19009.46,19027.53,1706655
2024-08-13 00:00:00,18925.98,19003.0,18915.36,19002.81,1515231
2024-08-14 00:00:00,19115.32,19126.32,19053.67,19114.27,1610714
2024-08-15 00:00:00,18992.94,19056.76,18936.84,19028.71,1768882
2024-08-16 00:00:00,19047.26,19091.39,19031.82,19056.1,1110659
2024-08-19 00:00:00,18881.63,18899.4,18815.05,18894.99,608474
2024-08-20 00:00:00,19068.33,19099.3,19052.95,19076.15,1691773
2024-08-21 00:00:00,19128.17,19143.27,19089.97,19105.71,848576
2024-08-22 00:00:00,19040.24,19115.29,19001.88,19104.64,982243
2024-08-23 00:00:00,19079.2,19134.03,19000.67,19081.15,1036721
2024-08-26 00:00:00,19114.94,19187.15,19069.72,19122.49,1378797
2024-08-27 00:00:00,19144.52,19202.3,19117.58,19178.07,1733802
2024-08-28 00:00:00,19297.81,19344.22,19277.81,19329.3,907114
2024-08-29 00:00:00,19315.08,19334.45,19261.01,19265.0,1622967
2024-08-30 00:00:00,19164.72,19210.5,19151.44,19167.75,1560464
2024-09-02 00:00:00,19020.47,19030.74,18993.19,19021.01,974405
2024-09-03 00:00:00,18861.18,18890.11,18792.19,18822.87,1683398
2024-09-04 00:00:00,18966.42,19040.12,18930.01,19036.16,633934
2024-09-05 00:00:00,19106.99,19144.13,19052.7,19117.05,506544
2024-09-06 00:00:00,19002.5,19059.15,18924.88,19027.06,1926159
2024-09-09 00:00:00,19092.02,19109.4,19027.29,19080.18,572279
2024-09-10 00:00:00,19054.18,19099.21,19013.89,19052.94,813324
2024-09-11 00:00:00,18995.1,19008.76,18931.37,18963.6,1733269
2024-09-12 00:00:00,19079.2,19135.21,19036.14,19123.34,823611
2024-09-13 00:00:00,19197.81,19228.48,19178.25,19210.98,1607896
2024-09-16 00:00:00,19148.83,19186.49,19088.91,19108.35,1835322
2024-09-17 00:00:00,19019.17,19033.24,19001.36,19017.81,901389
2024-09-18 00:00:00,19116.29,19152.83,19082.68,19084.04,686552
2024-09-19 00:00:00,19050.65,19088.95,19003.48,19054.35,514885
2024-09-20 00:00:00,19068.48,19114.81,19011.05,19043.41,1660987
2024-09-23 00:00:00,19148.63,19226.95,19129.84,19131.49,1655237
2024-09-24 00:00:00,19226.23,19254.82,19215.0,19226.68,1659712
2024-09-25 00:00:00,19224.47,19260.49,19214.38,19228.2,1469688
2024-09-26 00:00:00,19431.38,19443.03,19358.48,19424.7,1670564
2024-09-27 00:00:00,19402.26,19433.46,19387.66,19398.11,869905
2024-09-30 00:00:00,19406.78,19449.95,19392.73,19447.53,1914086
2024-10-01 00:00:00,19587.93,19636.04,19510.54,19520.03,1048521
2024-10-02 00:00:00,19394.57,19414.43,19341.0,19398.37,1367447
2024-10-03 00:00:00,19280.07,19334.59,19242.9,19304.71,889857
2024-10-04 00:00:00,19269.99,19300.33,19227.09,19292.28,1561582
2024-10-07 00:00:00,19102.2,19112.75,19048.04,19077.01,701412
2024-10-08 00:00:00,19253.51,19280.44,19208.47,19257.38,614358
2024-10-09 00:00:00,19189.03,19231.21,19140.77,19179.91,565849
2024-10-10 00:00:00,19048.42,19073.06,19034.92,19067.1,1971788
2024-10-11 00:00:00,19200.11,19227.05,19122.87,19143.39,1927144
2024-10-14 00:00:00,19345.54,19424.22,19295.67,19329.03,1155493
2024-10-15 00:00:00,19339.58,19393.14,19260.9,19286.04,1688892
2024-10-16 00:00:00,19470.0,19547.21,19423.5,19544.4,1635965
2024-10-17 00:00:00,19410.77,19471.05,19383.46,19439.57,1499900
2024-10-18 00:00:00,19312.34,19376.35,19267.42,19268.74,513557
2024-10-21 00:00:00,19239.21,19265.22,19184.8,19202.66,982504
2024-10-22 00:00:00,19350.06,19366.74,19310.05,19311.7,1221335
2024-10-23 00:00:00,19351.55,19381.77,19313.7,19376.29,1989882
2024-10-24 00:00:00,19215.59,19251.61,19178.12,19233.55,1877639
2024-10-25 00:00:00,19411.64,19446.64,19346.51,19371.64,1346111
2024-10-28 00:00:00,19326.25,19353.08,19302.84,19348.97,652705
2024-10-29 00:00:00,19334.53,19347.26,19322.01,19326.43,1800155
2024-10-30 00:00:00,19269.38,19320.09,19228.82,19281.76,1275047
2024-10-31 00:00:00,19368.5,19403.21,19295.91,19397.46,1838837
2024-11-01 00:00:00,19383.03,19426.37,19338.2,19356.25,1386695
2024-11-04 00:00:00,19224.64,19294.49,19200.14,19206.85,603511
2024-11-05 00:00:00,19376.59,19415.25,19309.83,19397.94,998286
2024-11-06 00:00:00,19489.32,19545.15,19468.71,19535.66,1308641
2024-11-07 00:00:00,19446.18,19458.81,19427.23,19451.41,500017
2024-11-08 00:00:00,19420.3,19434.12,19342.18,19362.97,956298
2024-11-11 00:00:00,19270.87,19280.97,19209.82,19278.61,836440
2024-11-12 00:00:00,19355.99,19425.38,19316.41,19349.42,987942
2024-11-13 00:00:00,19450.71,19473.42,19414.74,19467.67,1710040
2024-11-14 00:00:00,19671.71,19709.23,19620.37,19679.11,617683
2024-11-15 00:00:00,19709.18,19730.89,19644.54,19694.95,1928332
2024-11-18 00:00:00,19500.63,19552.74,19469.87,19529.07,1638507
2024-11-19 00:00:00,19374.65,19420.27,19338.8,19414.81,1741259
2024-11-20 00:00:00,19504.25,19546.57,19429.78,19510.9,1593471
2024-11-21 00:00:00,19638.48,19704.97,19614.81,19645.95,1003415
2024-11-22 00:00:00,19855.36,19914.44,19794.47,19861.9,1920636
2024-11-25 00:00:00,19853.24,19874.65,19788.21,19851.7,1076532
2024-11-26 00:00:00,19683.53,19694.33,19624.27,19692.25,1156491
2024-11-27 00:00:00,19600.16,19667.36,19551.91,19663.55,577503
2024-11-28 00:00:00,19678.54,19748.92,19655.99,19730.33,1329060
2024-11-29 00:00:00,19667.41,19737.98,19646.4,19674.77,935068
